{"6": [[703.001, 31.499000000000024], [703.001, 437.499], [1026.001, 437.499], [1026.001, 31.499000000000024], [703.001, 31.499000000000024]], "5": [[338.001, 29.499000000000024], [338.001, 435.499], [661.001, 435.499], [661.001, 29.499000000000024], [338.001, 29.499000000000024]], "4": [[4.00154, 32.499000000000024], [4.00154, 438.499], [327.00154, 438.499], [327.00154, 32.499000000000024], [4.00154, 32.499000000000024]], "3": [[704.0, -405.500946], [704.0, 0.499054], [1027.0, 0.499054], [1027.0, -405.500946], [704.0, -405.500946]], "2": [[337.999, -405.9999389648], [337.999, 6.10352e-05], [660.999, 6.10352e-05], [660.999, -405.9999389648], [337.999, -405.9999389648]], "1": [[7.38284e-05, -405.500885], [7.38284e-05, 0.499115], [323.0000738284, 0.499115], [323.0000738284, -405.500885], [7.38284e-05, -405.500885]]}