{"6": [[703.001, 31.499000000000024], [703.001, 437.499], [1026.001, 437.499], [1026.001, 31.499000000000024], [703.001, 31.499000000000024]], "3": [[704.0, -405.500946], [704.0, 0.499054], [1027.0, 0.499054], [1027.0, -405.500946], [704.0, -405.500946]], "1": [[7.38284e-05, -405.500885], [7.38284e-05, 0.499115], [337.999, 0.499115], [337.999, -405.500885], [7.38284e-05, -405.500885]], "4": [[4.00154, 32.499000000000024], [4.00154, 438.499], [338.001, 438.499], [338.001, 32.499000000000024], [4.00154, 32.499000000000024]], "2": [[337.999, -405.9999389648], [337.999, 6.10352e-05], [704.0, 6.10352e-05], [704.0, -405.9999389648], [337.999, -405.9999389648]], "5": [[338.001, 29.499000000000024], [338.001, 435.499], [703.001, 435.499], [703.001, 29.499000000000024], [338.001, 29.499000000000024]]}